0,-80,10,-4.04358,-2.83551,0.7999580777000003,0,0
1,-74.87366961556356,9.767197067144494,-2.43711,-1.41539,0.08287960302500005,5.359133317291949,12.73086336173236
2,-75.8362661079211,9.59370404396551,-2.71462,-1.6785,0.039647759124999994,1.1360895155365327,12.73086336173236
3,-75.85973227181407,9.415627909978475,-2.71488,-1.69686,0.036901088825,0.2015422978799961,12.73086336173236
4,-75.94690685868346,9.149890233595615,-2.73087,-1.73833,0.033290405125,0.35291226325225544,12.73086336173236
5,-75.84413059876547,8.985684375240856,-2.69392,-1.72198,0.03088415362499998,0.26698211827274676,12.73086336173236
6,-75.92336112689715,8.814829823495504,-2.7111,-1.75494,0.028755378125000015,0.2500850798770262,12.73086336173236
7,-75.90684283168531,8.587265640904711,-2.69754,-1.7661,0.025863673925000007,0.24408247780263181,12.73086336173236
8,-75.8949076472837,8.371121042747802,-2.6858,-1.77773,0.023274428899999994,0.2280797825585168,12.73086336173236
9,-75.81549888706446,8.233799585095577,-2.65696,-1.76574,0.021638106025000013,0.21673021787146318,12.73086336173236
10,-75.81024422321298,8.10184100363879,-2.65042,-1.77339,0.0201829741,0.13721324530827594,12.73086336173236
11,-75.80530464822553,7.974398695955332,-2.64415,-1.78081,0.018826474724999986,0.13238188267090312,12.73086336173236
12,-75.86723393304862,7.851313526259961,-2.65791,-1.80604,0.017607887650000015,0.18501445451846532,12.73086336173236
13,-75.854706763502,7.733966793223727,-2.64976,-1.81074,0.01641883502500001,0.12987390258286347,12.73086336173236
14,-75.79159032567,7.618621988449836,-2.62667,-1.8016,0.015284043249999981,0.17846124260588514,12.73086336173236
15,-75.84719873683534,7.447630579922782,-2.63673,-1.82849,0.013754970725000008,0.2265998196923915,12.73086336173236
16,-75.78071816835765,7.342082174505808,-2.61305,-1.81774,0.012784656250000002,0.17202897389466099,12.73086336173236
17,-75.83151431317214,7.28713258552159,-2.62603,-1.83534,0.01233276085000001,0.10574573379870156,12.73086336173236
18,-75.77456597864004,7.187169846404613,-2.60541,-1.82678,0.011481390049999998,0.15691107364907175,12.73086336173236
19,-75.77061622827972,7.091045462591223,-2.60063,-1.83235,0.010708404625000023,0.1000741341737097,12.73086336173236
20,-75.76693064333612,6.998215189672703,-2.59605,-1.83778,0.009985928650000003,0.09651585786211658,12.73086336173236
21,-75.76335008801635,6.908570815310478,-2.59163,-1.84301,0.009313375324999991,0.09322492968199736,12.73086336173236
22,-75.75988729318266,6.861663949253868,-2.58885,-1.84532,0.008973181849999989,0.050369660890305035,12.73086336173236
23,-75.80422889027153,6.730539239344031,-2.59703,-1.86651,0.00806351382500002,0.17546630699871013,12.73086336173236
24,-75.75305718498967,6.649726901440903,-2.57888,-1.85816,0.007500476824999991,0.13198404318498813,12.73086336173236
25,-75.74983309384393,6.572033625059581,-2.57502,-1.86268,0.006994541125000002,0.08091736752706069,12.73086336173236
26,-75.78743369878369,6.490740697063609,-2.58307,-1.8786,0.00649231225000001,0.11889353293572658,12.73086336173236
27,-75.74368090412581,6.418219333925456,-2.56744,-1.87169,0.006044470899999994,0.11627415779603023,12.73086336173236
28,-75.77855073887356,6.310694461972399,-2.5737,-1.88871,0.0054309281,0.14239470670080934,12.73086336173236
29,-75.73660254409717,6.244373029289738,-2.55885,-1.88185,0.005054338525000004,0.10826962745905622,12.73086336173236
30,-75.73392906279172,6.180594586562882,-2.55568,-1.88556,0.004713367825000015,0.06645192403230649,12.73086336173236
31,-75.73140516913075,6.147230176407403,-2.55369,-1.8872,0.0045408330500000035,0.035888303816443035,12.73086336173236
32,-75.73007161119214,6.086796768028863,-2.55104,-1.89104,0.004233286024999998,0.06176696631714762,12.73086336173236
33,-75.72768775702814,6.02842894223148,-2.54815,-1.89446,0.003946971850000006,0.06075167996139186,12.73086336173236
34,-75.75591208110107,5.941537617071247,-2.55321,-1.90826,0.003544375249999997,0.11511564923317064,12.73086336173236
35,-75.72198114752541,5.8879597786136255,-2.54123,-1.9027,0.003299907250000003,0.08750877203328233,12.73086336173236
36,-75.71977552544779,5.836425243724995,-2.53865,-1.90569,0.0030769531249999994,0.05374015696625545,12.73086336173236
37,-75.74469619047896,5.759705878391451,-2.54312,-1.91789,0.002762626099999999,0.10164003036471847,12.73086336173236
38,-75.71470864183077,5.712404355571137,-2.53254,-1.91296,0.002572724125000002,0.07728907146850794,12.73086336173236
39,-75.7582736562538,5.666901067200167,-2.54365,-1.92812,0.002438193849999997,0.08906830279400779,12.73086336173236
40,-75.73081318398258,5.6028680072065145,-2.53318,-1.92505,0.00216227700000001,0.09149353226488266,12.73086336173236
41,-75.729209095199,5.561276276603924,-2.53116,-1.92752,0.0020172856249999994,0.04319581938617034,12.73086336173236
42,-75.72674567313895,5.500836502794148,-2.52818,-1.93107,0.0018154636999999948,0.06290319586982207,12.73086336173236
43,-75.70431389189588,5.462484776917098,-2.52016,-1.92759,0.0016924564000000085,0.060783507120121705,12.73086336173236
44,-75.70273526483932,5.425578004032388,-2.51832,-1.92974,0.0015780412250000035,0.038485399941269094,12.73086336173236
45,-75.70124893654169,5.389941134766826,-2.51656,-1.93182,0.0014716596250000016,0.0371231975631936,12.73086336173236
46,-75.69981353169793,5.3712999680897004,-2.51544,-1.93273,0.001417777299999997,0.020076571520886155,12.73086336173236
47,-75.69906877619154,5.337531353022892,-2.51397,-1.9349,0.0013213302500000002,0.03451337057319748,12.73086336173236
48,-75.69767792936914,5.304921246521601,-2.51234,-1.9368,0.0012319009249999993,0.03400095332369446,12.73086336173236
49,-75.72786280639924,5.27343463871199,-2.52003,-1.94732,0.0011668014500000072,0.06167148483971996,12.73086336173236
50,-75.695134939412,5.242848739485227,-2.50929,-1.94045,0.001070611925000001,0.06331376621400686,12.73086336173236
51,-75.70974360511897,5.197600068381494,-2.51189,-1.94765,0.0009604549250000022,0.059857336810706485,12.73086336173236
52,-75.70563790168512,5.156107001969798,-2.50914,-1.94943,0.0008633752999999989,0.04559876984554645,12.73086336173236
53,-75.7033845388701,5.116622229253126,-2.50701,-1.95158,0.0007767540500000022,0.04173813553169747,12.73086336173236
54,-75.70109298346526,5.079183942822141,-2.50494,-1.95358,0.0006986049249999976,0.03972984183582362,12.73086336173236
55,-75.687219525117,5.055393141914748,-2.49999,-1.95142,0.0006517502500000009,0.0376642592556502,12.73086336173236
56,-75.69863910955246,5.030587054654525,-2.50241,-1.95631,0.0006038286249999969,0.03622567169568125,12.73086336173236
57,-75.6960993023118,4.997623666694944,-2.50044,-1.95793,0.0005429713000000048,0.03550319520024736,12.73086336173236
58,-75.68389676977974,4.976649569307054,-2.49609,-1.95603,0.0005067094250000038,0.03317662991994741,12.73086336173236
59,-75.69396051726717,4.954777946051697,-2.49822,-1.96035,0.00046927249999999796,0.031935370742792735,12.73086336173236
60,-75.68214627606743,4.935280628813077,-2.49404,-1.95845,0.0004378313000000006,0.03131155843836453,12.73086336173236
61,-75.6813378662441,4.916508970786079,-2.4931,-1.95955,0.00040807890000000327,0.019580067850318628,12.73086336173236
62,-75.6903895100945,4.888571091138792,-2.49472,-1.96401,0.00036607570000000045,0.03698952349768536,12.73086336173236
63,-75.68825709048122,4.871352598441937,-2.49345,-1.96463,0.00034079502500000117,0.019350912310144963,12.73086336173236
64,-75.67874077011845,4.863153922437109,-2.49036,-1.96258,0.0003297714249999996,0.017714996367590885,12.73086336173236
65,-75.6872386214124,4.845451656932505,-2.49219,-1.96617,0.0003052861249999994,0.026200116798557715,12.73086336173236
66,-75.6776777430277,4.837743119166925,-2.48911,-1.96407,0.00029539862500000243,0.017269416150283767,12.73086336173236
67,-75.6843773598718,4.822329226351607,-2.49049,-1.96701,0.0002746011249999996,0.022113509659420494,12.73086336173236
68,-75.68416730062634,4.799970647572583,-2.4896,-1.96852,0.00024726422499999755,0.0225686380244845,12.73086336173236
69,-75.67581267154532,4.793010048029665,-2.4869,-1.9667,0.0002393065250000006,0.015315228623943966,12.73086336173236
70,-75.67551031354058,4.779136589681126,-2.48629,-1.9676,0.00022287204999999914,0.014175816353270143,12.73086336173236
71,-75.67494060740509,4.765743721424497,-2.48563,-1.96838,0.00020787925000000025,0.01396257439212345,12.73086336173236
72,-75.68139515512922,4.751733406294818,-2.487,-1.97115,0.00019254440000000158,0.020464862853811105,12.73086336173236
73,-75.67994383670599,4.7331208840598435,-2.48588,-1.97206,0.00017311082499999963,0.020063840658210097,12.73086336173236
74,-75.67889354047864,4.721453047788869,-2.48514,-1.97259,0.00016147489999999873,0.012718132498322099,12.73086336173236
75,-75.6782442664472,4.7101225793969785,-2.48453,-1.97321,0.00015061332500000013,0.011979742423336326,12.73086336173236
76,-75.67757589612083,4.6991867677693,-2.48393,-1.97379,0.00014054622500000048,0.01160418195404489,12.73086336173236
77,-75.67166241008927,4.688515121556257,-2.4818,-1.97291,0.00013114759999999923,0.016585132244602008,12.73086336173236
78,-75.67678021716068,4.672677927534282,-2.48271,-1.97544,0.00011757664999999929,0.020955001093390102,12.73086336173236
79,-75.67532889873745,4.66316160717143,-2.48193,-1.97571,0.00010960182500000101,0.010967638786087086,12.73086336173236
80,-75.6701792645076,4.653737585568057,-2.48008,-1.97495,0.0001023700000000008,0.014573655833225452,12.73086336173236
81,-75.66977187687998,4.6446604799910824,-2.47962,-1.97547,9.546770000000081e-05,0.009484493204592326,12.73086336173236
82,-75.67416402473977,4.63991186795723,-2.48073,-1.97702,9.181744999999932e-05,0.009140759893641714,12.73086336173236
83,-75.67347655811824,4.631401285799856,-2.48021,-1.97743,8.561642500000016e-05,0.00919804877890229,12.73086336173236
84,-75.67299915074217,4.61894731871616,-2.47961,-1.97818,7.70240500000004e-05,0.012931374459763667,12.73086336173236
85,-75.66834920289928,4.615061222674965,-2.47811,-1.97716,7.461625000000023e-05,0.008536043884086908,12.73086336173236
86,-75.67239761744831,4.607314492319301,-2.479,-1.97883,6.940840000000015e-05,0.011795144904697352,12.73086336173236
87,-75.67155738046652,4.599816013799191,-2.47848,-1.97912,6.470082499999898e-05,0.00833871550189702,12.73086336173236
88,-75.66756943751844,4.59257533526232,-2.47704,-1.97853,6.036530000000145e-05,0.011228621484956847,12.73086336173236
89,-75.67104496321627,4.581830486585031,-2.47766,-1.98025,5.41138000000008e-05,0.014220374375126354,12.73086336173236
90,-75.67005195587406,4.575375938860662,-2.47713,-1.98043,5.0454624999999686e-05,0.007447555066585565,12.73086336173236
91,-75.6697273188584,4.569035968906548,-2.4768,-1.98078,4.709802499999963e-05,0.006664606969765785,12.73086336173236
92,-75.66630589932993,4.565977378983872,-2.47569,-1.98005,4.560792500000046e-05,0.006480009451155233,12.73086336173236
93,-75.666165859833,4.559920670739562,-2.47542,-1.98044,4.247472500000102e-05,0.006196747741237019,12.73086336173236
94,-75.66908759297452,4.550907219479515,-2.47594,-1.98188,3.808592499999984e-05,0.011935184401566268,12.73086336173236
95,-75.66555796110752,4.548198728299349,-2.47481,-1.9811,3.6825050000000465e-05,0.006238123047162425,12.73086336173236
96,-75.66838421277383,4.542285242267851,-2.47542,-1.9823,3.408612500000102e-05,0.00873973769780445,12.73086336173236
97,-75.67043388177508,4.537030578415319,-2.47582,-1.98324,3.2228725000000976e-05,0.007304332853784068,12.73086336173236
98,-75.6649691586771,4.534754936589445,-2.47414,-1.98188,3.084992499999901e-05,0.007740364923860987,12.73086336173236
99,-75.66758535109798,4.529773986299295,-2.47472,-1.98296,2.8700824999999983e-05,0.007597142711037286,12.73086336173236
100,-75.66703155854175,4.524952171801007,-2.47438,-1.98314,2.6756725000000514e-05,0.005375607054520337,12.73086336173236
101,-75.66447583772181,4.520295858526423,-2.47346,-1.98276,2.4987125000000527e-05,0.007212034094525421,12.73086336173236
102,-75.66428169205558,4.515811411907277,-2.47323,-1.98303,2.3245624999999988e-05,0.004678592285373817,12.73086336173236
103,-75.66409709453681,4.5114861010801,-2.47302,-1.98328,2.1698125000000352e-05,0.00450990834594478,12.73086336173236
104,-75.66617859069638,4.506960279155025,-2.47346,-1.98418,2.007392500000058e-05,0.006607318084637548,12.73086336173236
105,-75.66372471678339,4.504983812618103,-2.47267,-1.98364,1.9427849999999665e-05,0.004430340449905756,12.73086336173236
106,-75.66363878345568,4.502835479425796,-2.47256,-1.98376,1.8717625000000475e-05,0.0022342665200172362,12.73086336173236
107,-75.6653415364303,4.498955748816282,-2.47292,-1.98451,1.7405199999999438e-05,0.00558248358413671,12.73086336173236
108,-75.66526515125014,4.49520014412463,-2.47276,-1.98475,1.624680000000022e-05,0.0038319898718173206,12.73086336173236
109,-75.66503599570963,4.489776796332497,-2.47249,-1.98507,1.4610625000000554e-05,0.005652503332642667,12.73086336173236
110,-75.66471135869395,4.484643075681882,-2.4722,-1.98534,1.3135624999999663e-05,0.005458357666294766,12.73086336173236
111,-75.66442491426835,4.479773520446024,-2.47194,-1.98561,1.1812999999999878e-05,0.005155999661456079,12.73086336173236
112,-75.66259803537596,4.478252182274287,-2.47135,-1.98521,1.1438725000000643e-05,0.0033482170641248032,12.73086336173236
113,-75.66253438105917,4.476603535468968,-2.47127,-1.98531,1.1009825000000487e-05,0.0017123011221089612,12.73086336173236
114,-75.66246436131071,4.474986715822053,-2.47119,-1.9854,1.0614049999999948e-05,0.0016868393953783922,12.73086336173236
115,-75.66399206491405,4.470476807476165,-2.47147,-1.98614,9.510850000000126e-06,0.0060376119492318026,12.73086336173236
116,-75.66357194642312,4.466348825031096,-2.47119,-1.98632,8.53024999999986e-06,0.004548100936005106,12.73086336173236
117,-75.66204742553552,4.463719901746881,-2.47065,-1.98608,7.974649999999953e-06,0.004153444171814513,12.73086336173236
118,-75.66330778100827,4.46097640069244,-2.47092,-1.98662,7.394824999999947e-06,0.00400385652719315,12.73086336173236
119,-75.66426896119204,4.457329008339306,-2.47106,-1.98714,6.761525000000223e-06,0.004608572536898947,12.73086336173236
120,-75.66168777864546,4.456294625691158,-2.47027,-1.9865,6.456250000000506e-06,0.0036155651947256118,12.73086336173236
121,-75.6628717489381,4.454015801149393,-2.47053,-1.98699,6.005225000000177e-06,0.003462794834408811,12.73086336173236
122,-75.66262349710254,4.4518515543778845,-2.47038,-1.98707,5.611700000000248e-06,0.0024124986070663823,12.73086336173236
123,-75.66145225767323,4.449719134764781,-2.46996,-1.9869,5.235424999999769e-06,0.0033036590424151413,12.73086336173236
124,-75.66340644519929,4.446555515219394,-2.47041,-1.98766,4.770250000000395e-06,0.005117807071439273,12.73086336173236
125,-75.66123901571194,4.44568663379495,-2.46974,-1.98713,4.533799999999714e-06,0.0030363109117876874,12.73086336173236
126,-75.66119445769017,4.443777004290678,-2.46966,-1.98725,4.233800000000366e-06,0.0019541875260422614,12.73086336173236
127,-75.66211107985221,4.442777631516775,-2.46989,-1.98757,4.076124999999828e-06,0.0019159949359401907,12.73086336173236
128,-75.66197740578691,4.441880105649787,-2.46982,-1.9876,3.934124999999848e-06,0.001031199932284288,12.73086336173236
129,-75.66192011690178,4.4392066243438055,-2.4697,-1.98777,3.538599999999986e-06,0.0027307701911123416,12.73086336173236
130,-75.66176734654141,4.436679547966485,-2.46956,-1.98791,3.1759999999999133e-06,0.002679846737692948,12.73086336173236
131,-75.6608252626526,4.4350754591828965,-2.46923,-1.98776,2.9724500000001226e-06,0.0025461726724049782,12.73086336173236
132,-75.6615891144543,4.433401350650818,-2.46939,-1.98809,2.750525000000356e-06,0.002437960333786293,12.73086336173236
133,-75.66141724779894,4.431937301364225,-2.46929,-1.98814,2.576649999999985e-06,0.0016359159419572222,12.73086336173236
134,-75.66062475155464,4.430492348372659,-2.469,-1.98803,2.3923999999999447e-06,0.002237449235867217,12.73086336173236
135,-75.66056109723785,4.429741227434311,-2.46895,-1.98806,2.3078500000000913e-06,0.000814775255137512,12.73086336173236
136,-75.66190738603832,4.427637452263788,-2.46927,-1.98858,2.107249999999822e-06,0.003450063971000006,12.73086336173236
137,-75.66102895646637,4.427061380696665,-2.46899,-1.98838,2.0000499999997836e-06,0.0014545011390776352,12.73086336173236
138,-75.66106714905645,4.425148568476553,-2.46893,-1.98853,1.7961249999999548e-06,0.001951004810194945,12.73086336173236
139,-75.66034148984484,4.423942319173034,-2.46868,-1.98841,1.685700000000011e-06,0.0019319085151296989,12.73086336173236
140,-75.66144907495729,4.422147267439018,-2.46893,-1.98884,1.5318499999998992e-06,0.002902636846465967,12.73086336173236
141,-75.66072341574568,4.4210396823265405,-2.46868,-1.98872,1.4028249999999695e-06,0.00183324432408849,12.73086336173236
142,-75.66070431945062,4.419976655235829,-2.46863,-1.98879,1.3042250000000531e-06,0.0010821233857738477,12.73086336173236
143,-75.66064703056549,4.418439403484902,-2.46856,-1.98888,1.178425000000097e-06,0.0015945406360584613,12.73086336173236
144,-75.66055154909027,4.417478223301084,-2.4685,-1.98892,1.1027250000001032e-06,0.0010566616590308442,12.73086336173236
145,-75.6600264009766,4.41653295669647,-2.46831,-1.98884,1.0296499999999297e-06,0.0014704147182813543,12.73086336173236
146,-75.65999139110235,4.415622699966119,-2.46826,-1.9889,9.519250000000436e-07,0.0009452666046039226,12.73086336173236
147,-75.66083162808424,4.414273228449777,-2.46846,-1.98923,8.692999999998792e-07,0.0021897084982285264,12.73086336173236
148,-75.65988954419547,4.413904033412284,-2.46817,-1.98899,8.32225000000115e-07,0.0013112789262663682,12.73086336173236
149,-75.66032875898145,4.413012872976957,-2.46827,-1.98918,7.692500000000193e-07,0.0013303752213120745,12.73086336173236
150,-75.6598290725945,4.412223559448533,-2.46809,-1.98909,7.195250000000706e-07,0.0012889999153689047,12.73086336173236
151,-75.65981634173114,4.4118098063892734,-2.46807,-1.98912,6.894500000000151e-07,0.0004264839226202355,12.73086336173236
152,-75.66019826763198,4.410660845970869,-2.46814,-1.98931,6.165000000000573e-07,0.001530886319243585,12.73086336173236
153,-75.65973995655095,4.410317112660108,-2.46799,-1.9892,5.990499999999276e-07,0.000802044391794432,12.73086336173236
154,-75.660058228135,4.409623280606898,-2.46806,-1.98934,5.565249999999122e-07,0.001012103637259898,12.73086336173236
155,-75.66003913183997,4.408617542401322,-2.46802,-1.98941,5.002000000001101e-07,0.0010248345006100834,12.73086336173236
156,-75.65965084050744,4.407980999233238,-2.46788,-1.98934,4.69224999999994e-07,0.0010248345006109716,12.73086336173236
157,-75.65964129235992,4.407366735076038,-2.46786,-1.98938,4.399250000000298e-07,0.0006238123047168642,12.73086336173236
158,-75.65960628248567,4.406771567213873,-2.46782,-1.98942,4.0332500000008425e-07,0.0006301777364177141,12.73086336173236
159,-75.65958400347479,4.406201861078432,-2.4678,-1.98945,3.809000000000413e-07,0.0005919851463191961,12.73086336173236
160,-75.65985135160538,4.405348893233197,-2.46784,-1.98958,3.404249999999673e-07,0.0011203159758270687,12.73086336173236
161,-75.65953626273719,4.404823745119522,-2.46773,-1.98953,3.181249999999982e-07,0.0008402369818663047,12.73086336173236
162,-75.65951080101046,4.404550031557243,-2.46771,-1.98955,3.024249999999901e-07,0.00029917528901535206,12.73086336173236
163,-75.65949170471542,4.404056710601978,-2.46769,-1.98958,2.830500000001082e-07,0.0005124172502988245,12.73086336173236
164,-75.65946306027286,4.403798910618907,-2.46767,-1.98959,2.722250000000363e-07,0.0002864444256367449,12.73086336173236
165,-75.65945669484118,4.40333105139036,-2.46765,-1.98962,2.53850000000002e-07,0.00047422466021984633,12.73086336173236
166,-75.65944078126198,4.402879105741021,-2.46763,-1.98964,2.398500000000518e-07,0.0004678592285438654,12.73086336173236
167,-75.65943123311446,4.402640402052992,-2.46762,-1.98966,2.2932500000006374e-07,0.00024825183554622043,12.73086336173236
168,-75.65964129235994,4.402175725540285,-2.46766,-1.98975,2.1130000000002408e-07,0.000674735758181555,12.73086336173236
169,-75.65960309976985,4.401558278667242,-2.46763,-1.98978,1.9225000000004091e-07,0.0006556394631260787,12.73086336173236
170,-75.6593707615135,4.401364133000978,-2.46755,-1.98973,1.845250000000485e-07,0.0004264839226166828,12.73086336173236
171,-75.6597558701302,4.4009790243842835,-2.46765,-1.98987,1.732249999999604e-07,0.000770217233392323,12.73086336173236
172,-75.65934211707093,4.40060664663095,-2.46752,-1.98978,1.6062499999996183e-07,0.000786130812596042,12.73086336173236
173,-75.65951398372633,4.400246999740979,-2.46755,-1.98985,1.4852500000006976e-07,0.0005315135453640707,12.73086336173236
174,-75.65966993680252,4.399728217058989,-2.46758,-1.98993,1.3699999999997204e-07,0.0006747357581780022,12.73086336173236
175,-75.659440781262,4.3994354072016675,-2.4675,-1.98989,1.2499999999997247e-07,0.0005219653978310035,12.73086336173236
176,-75.659440781262,4.399117135617626,-2.46749,-1.98991,1.176250000000335e-07,0.00031827158404151845,12.73086336173236
177,-75.65942168496696,4.3986556418207705,-2.46747,-1.98994,1.0585000000000688e-07,0.00048059009190382085,12.73086336173236
178,-75.65924027016405,4.39851241960795,-2.46741,-1.9899,1.0205000000002927e-07,0.00032463701572993386,12.73086336173236
179,-75.6592370874482,4.3983564665317685,-2.4674,-1.98991,9.759999999999982e-08,0.0001591357920256442,12.73086336173236
180,-75.6592370874482,4.398076387537809,-2.46739,-1.98993,9.092500000000784e-08,0.0002800789939598758,12.73086336173236
181,-75.65922435658484,4.39780585669137,-2.46738,-1.98994,8.672499999998056e-08,0.0002832617097991985,12.73086336173236
182,-75.65935803065014,4.39766263447855,-2.46741,-1.98999,8.202500000003999e-08,0.00027689627811611217,12.73086336173236
183,-75.65933893435509,4.397277525861858,-2.46739,-1.99001,7.412499999998757e-08,0.0004042049117405355,12.73086336173236
184,-75.65931983806004,4.396911513540209,-2.46737,-1.99003,6.662499999998034e-08,0.00038510861669749374,12.73086336173236
185,-75.6594185022511,4.396564597513599,-2.46739,-1.99008,6.204999999998367e-08,0.00044558021766683,12.73086336173236
186,-75.65916706769971,4.396465933322547,-2.46731,-1.99002,5.825000000000827e-08,0.0003500987424391866,12.73086336173236
187,-75.65928164546997,4.396131748159302,-2.46733,-1.99008,5.1249999999995373e-08,0.0004487629335070409,12.73086336173236
188,-75.65924981831157,4.395928054345513,-2.46732,-1.99008,4.9624999999985186e-08,0.0002355209721986995,12.73086336173236
189,-75.65923072201652,4.395628879056512,-2.4673,-1.9901,4.3524999999979646e-08,0.0003182715840486239,12.73086336173236
190,-75.65921162572147,4.395536580297139,-2.46729,-1.9901,4.205000000003581e-08,0.00011139505442159248,12.73086336173236
191,-75.65921162572147,4.395259684019024,-2.46728,-1.99012,3.782500000003708e-08,0.000276896278115224,12.73086336173236
192,-75.65919252942643,4.394998701320109,-2.46727,-1.99013,3.5125000000018355e-08,0.00028007899394921765,12.73086336173236
193,-75.65917343313139,4.394747266768713,-2.46725,-1.99014,3.1249999999993116e-08,0.00027053084644457215,12.73086336173236
194,-75.65909386523538,4.39458813097669,-2.46722,-1.99013,2.9000000000031362e-08,0.00023870368803180497,12.73086336173236
195,-75.65908749980369,4.394435360616351,-2.46721,-1.99014,2.6650000000015e-08,0.00015913579202653239,12.73086336173236
196,-75.6592307220165,4.394209387791678,-2.46725,-1.9902,2.464999999999546e-08,0.0003691950374857811,12.73086336173236
197,-75.65911614424624,4.394069348294698,-2.46721,-1.99018,2.205000000000913e-08,0.0002546172672417413,12.73086336173236
198,-75.65904930721359,4.394002511262048,-2.46719,-1.99016,2.225000000001175e-08,0.00013367406529773973,12.73086336173236
199,-75.65912569239376,4.39379563473242,-2.4672,-1.9902,1.9025000000010575e-08,0.00028326170979298126,12.73086336173236
200,-75.65910659609871,4.393671508814642,-2.46719,-1.9902,1.805000000000446e-08,0.00014322221282636605,12.73086336173236
201,-75.65910659609871,4.393490094011736,-2.46719,-1.99021,1.7124999999997892e-08,0.00018141480290623235,12.73086336173236
202,-75.6590906825195,4.393372333525639,-2.46718,-1.99022,1.532499999998652e-08,0.00013367406530129244,12.73086336173236
203,-75.65907158622447,4.393260938471223,-2.46717,-1.99022,1.444999999998172e-08,0.0001304913494504234,12.73086336173236
204,-75.65907158622447,4.393098619963361,-2.46716,-1.99023,1.2799999999990076e-08,0.0001623185078623024,12.73086336173236
205,-75.65907158622447,4.392996773056467,-2.46716,-1.99024,1.2024999999984363e-08,0.00010184690689385434,12.73086336173236
206,-75.65905248992942,4.392850368127808,-2.46715,-1.99024,1.1250000000014176e-08,0.0001655012237069542,12.73086336173236
207,-75.65905248992942,4.392754886652595,-2.46714,-1.99025,9.800000000004058e-09,9.548147521343253e-05,12.73086336173236
208,-75.65905248992942,4.392621212587297,-2.46714,-1.99026,9.12500000001409e-09,0.00013367406529773973,12.73086336173236
209,-75.65903339363437,4.39249390395368,-2.46713,-1.99026,8.450000000009684e-09,0.00014640492866568877,12.73086336173236
210,-75.65899201832845,4.392411153341828,-2.46711,-1.99026,7.250000000002844e-09,0.0001241259177779952,12.73086336173236
211,-75.65903021091853,4.392293392855732,-2.46712,-1.99028,6.6249999999968755e-09,0.00015595307617832788,12.73086336173236
212,-75.65897610474924,4.392220190391402,-2.4671,-1.99027,6.099999999995548e-09,0.00012730863361731792,12.73086336173236
213,-75.65897610474924,4.392181997801317,-2.4671,-1.99027,6.099999999995548e-09,3.819259008519538e-05,12.73086336173236
214,-75.65901429733933,4.392105612621146,-2.46711,-1.99029,5.5250000000013366e-09,0.00011457777025380977,12.73086336173236
215,-75.65896337388588,4.392038775588497,-2.46709,-1.99028,5.0499999999895615e-09,0.00011776048609224432,12.73086336173236
216,-75.65896655660173,4.392003765714252,-2.46709,-1.99028,5.0499999999895615e-09,3.819259008874809e-05,12.73086336173236
217,-75.65900474919181,4.391933745965763,-2.4671,-1.9903,4.5249999999948955e-09,0.00010821233857161161,12.73086336173236
218,-75.65895700845421,4.391873274364794,-2.46708,-1.99029,4.100000000013751e-09,0.0001082123385680589,12.73086336173236
219,-75.6589633738859,4.391815985479668,-2.46708,-1.99029,4.100000000013751e-09,6.365431681398803e-05,12.73086336173236
220,-75.65900156647598,4.3917586965945405,-2.46709,-1.99031,3.6249999999897647e-09,9.548147520987982e-05,12.73086336173236
221,-75.65895700845421,4.391733234867817,-2.46708,-1.9903,3.6250000000097485e-09,7.001974849352166e-05,12.73086336173236
222,-75.65894746030669,4.391679128698529,-2.46707,-1.9903,3.2500000000070556e-09,6.365431680510625e-05,12.73086336173236
223,-75.65898565289677,4.391628205245082,-2.46708,-1.99031,3.2000000000064004e-09,8.911604352945801e-05,12.73086336173236
224,-75.65898565289677,4.391577281791635,-2.46708,-1.99032,2.8250000000037075e-09,5.092345344692717e-05,12.73086336173236
225,-75.65894427759085,4.391555002780752,-2.46707,-1.99031,2.8250000000037075e-09,6.365431680954714e-05,12.73086336173236
226,-75.65893791215916,4.391507262043145,-2.46706,-1.99031,2.5000000000016697e-09,5.41061692942435e-05,12.73086336173236
227,-75.65895064302252,4.391462704021379,-2.46706,-1.99031,2.5000000000016697e-09,5.7288885127348976e-05,12.73086336173236
228,-75.65898247018093,4.391418145999612,-2.46707,-1.99033,2.125000000005638e-09,7.638518017571982e-05,12.73086336173236
229,-75.65894427759085,4.391376770693687,-2.46706,-1.99032,2.1249999999989768e-09,7.956789600793712e-05,12.73086336173236
230,-75.6589633738859,4.391354491682804,-2.46706,-1.99032,2.1249999999989768e-09,4.137530593162353e-05,12.73086336173236
231,-75.6589792874651,4.391313116376878,-2.46707,-1.99033,2.125000000005638e-09,5.728888513001351e-05,12.73086336173236
232,-75.65896019117005,4.39125264477591,-2.46706,-1.99033,1.8000000000036003e-09,7.95678960168189e-05,12.73086336173236
233,-75.65896019117005,4.3912144521858245,-2.46706,-1.99033,1.8000000000036003e-09,3.819259008519538e-05,12.73086336173236
234,-75.658941094875,4.391176259595739,-2.46705,-1.99033,1.5250000000022177e-09,5.7288885133566225e-05,12.73086336173236
235,-75.65896019117005,4.391138067005654,-2.46706,-1.99034,1.5250000000011074e-09,5.7288885133566225e-05,12.73086336173236
236,-75.65896019117005,4.391087143552207,-2.46705,-1.99034,1.2499999999997246e-09,5.092345344692717e-05,12.73086336173236
237,-75.65896019117005,4.391055316393802,-2.46705,-1.99034,1.2499999999997246e-09,3.182715840477357e-05,12.73086336173236
238,-75.65894427759085,4.391023489235398,-2.46705,-1.99034,1.2499999999997246e-09,4.77407376093808e-05,12.73086336173236
239,-75.65892836401164,4.390991662076993,-2.46704,-1.99034,1.0249999999989971e-09,4.77407376093808e-05,12.73086336173236
240,-75.65894746030669,4.390959834918588,-2.46705,-1.99035,1.0249999999978868e-09,5.092345345314442e-05,12.73086336173236
241,-75.65894427759085,4.390918459612663,-2.46704,-1.99035,7.999999999971592e-10,4.45580217691699e-05,12.73086336173236
242,-75.65894427759085,4.3908802670225775,-2.46704,-1.99035,7.999999999971592e-10,3.819259008519538e-05,12.73086336173236
243,-75.65893154672749,4.390867536159216,-2.46704,-1.99035,7.999999999971592e-10,2.5461726722575406e-05,12.73086336173236
244,-75.65893154672749,4.390829343569131,-2.46704,-1.99035,7.999999999971592e-10,3.819259008519538e-05,12.73086336173236
245,-75.65893154672749,4.390803881842407,-2.46703,-1.99035,6.249999999970868e-10,2.5461726723463585e-05,12.73086336173236
246,-75.65894746030669,4.390781602831524,-2.46704,-1.99036,6.249999999993072e-10,3.819259008785991e-05,12.73086336173236
247,-75.65892836401164,4.390749775673119,-2.46703,-1.99036,4.4999999999923475e-10,5.092345345314442e-05,12.73086336173236
248,-75.65892836401164,4.390730679378077,-2.46703,-1.99036,4.4999999999923475e-10,1.90962950421536e-05,12.73086336173236
249,-75.65892836401164,4.390711583083034,-2.46703,-1.99036,4.4999999999923475e-10,1.9096295043041778e-05,12.73086336173236
250,-75.65892836401164,4.390692486787991,-2.46703,-1.99036,4.4999999999923475e-10,1.9096295043041778e-05,12.73086336173236
251,-75.65892836401164,4.390673390492948,-2.46703,-1.99036,4.4999999999923475e-10,1.9096295043041778e-05,12.73086336173236
252,-75.65891881586413,4.390663842345426,-2.46703,-1.99036,4.4999999999923475e-10,1.9096295038600886e-05,12.73086336173236
253,-75.65892836401164,4.390635197902863,-2.46703,-1.99037,3.2499999999759695e-10,3.8192590080754485e-05,12.73086336173236
254,-75.65890290228492,4.390619284323661,-2.46702,-1.99036,3.250000000042583e-10,4.1375305923629924e-05,12.73086336173236
255,-75.65892199857997,4.390600188028618,-2.46702,-1.99037,2.000000000026205e-10,3.8192590091412626e-05,12.73086336173236
256,-75.65892199857997,4.390587457165256,-2.46702,-1.99037,2.000000000026205e-10,1.2730863361731792e-05,12.73086336173236
